Technology,t,LCOS
HD Hydro,0.1,4061.905352646266
HD Hydro,0.2,2078.3501047928858
HD Hydro,0.3,1417.1650221750929
HD Hydro,0.4,1086.5724808661955
HD Hydro,0.5,888.2169560808574
HD Hydro,0.6,755.9799395572993
HD Hydro,0.7,661.5249277547571
HD Hydro,0.8,590.6836689028506
HD Hydro,0.9,535.5849120180349
HD Hydro,1.0,491.5059065101815
HD Hydro,1.1,455.44126564011987
HD Hydro,1.2,425.38739824840235
HD Hydro,1.3,399.9572027631026
HD Hydro,1.4,378.1598923471314
HD Hydro,1.5,359.268889986623
HD Hydro,1.6,342.73926292117807
HD Hydro,1.7,328.1542978634327
HD Hydro,1.8,315.1898844787702
HD Hydro,1.9,303.5901461872298
HD Hydro,2.0,293.15038172484356
HD Hydro,2.1,283.7048805445893
HD Hydro,2.2,275.1180612898128
HD Hydro,2.3,267.2779219702344
HD Hydro,2.4,260.091127593954
HD Hydro,2.5,253.479276767776
HD Hydro,2.6,247.37602985130405
HD Hydro,2.7,241.72487529901522
HD Hydro,2.8,236.4773746433185
HD Hydro,2.9,231.59177058456623
HD Hydro,3.0,227.0318734630643
HD Hydro,3.1,222.76616325262694
HD Hydro,3.2,218.76705993034187
HD Hydro,3.3,215.0103265063771
HD Hydro,3.4,211.47457740146913
HD Hydro,3.5,208.14087110255582
HD Hydro,3.6,204.99237070913793
HD Hydro,3.7,202.0140595261749
HD Hydro,3.8,199.1925015633677
HD Hydro,3.9,196.5156388807046
HD Hydro,4.0,193.9726193321746
HD Hydro,4.1,191.55364951771924
HD Hydro,4.2,189.24986874204745
HD Hydro,4.3,187.05324056059317
HD Hydro,4.4,184.9564591146592
HD Hydro,4.5,182.9528679552114
HD Hydro,4.6,181.03638945487006
HD Hydro,4.7,179.2014632311388
HD Hydro,4.8,177.44299226672982
HD Hydro,4.9,175.75629562739877
HD Hydro,5.0,174.1370668536408
HD Hydro,5.1,172.58133724748131
HD Hydro,5.2,171.08544339540484
HD Hydro,5.3,169.64599836793505
HD Hydro,5.4,168.25986611926044
HD Hydro,5.5,166.92413867962853
HD Hydro,5.6,165.63611579141207
HD Hydro,5.7,164.3932866887471
HD Hydro,5.8,163.19331376203593
HD Hydro,5.9,162.03401788368794
HD Hydro,6.0,160.91336520128496
HD Hydro,6.1,159.8294552297804
HD Hydro,6.2,158.78051009606625
HD Hydro,6.3,157.76486480786693
HD Hydro,6.4,156.78095843492372
HD Hydro,6.5,155.82732610422494
HD Hydro,6.6,154.90259172294137
HD Hydro,6.7,154.00546135303935
HD Hydro,6.8,153.1347171704874
HD Hydro,6.9,152.28921194974848
HD Hydro,7.0,151.46786402103072
HD Hydro,7.1,150.66965265368535
HD Hydro,7.2,149.8936138243218
HD Hydro,7.3,149.13883633274895
HD Hydro,7.4,148.40445823284028
HD Hydro,7.5,147.68966354892908
HD Hydro,7.6,146.99367925143665
HD Hydro,7.7,146.31577246816485
HD Hydro,7.8,145.65524791010515
HD Hydro,7.9,145.01144549275574
HD Hydro,8.0,144.3837381358401
HD Hydro,8.1,143.77152972600885
HD Hydro,8.2,143.17425322861243
HD Hydro,8.3,142.59136893597267
HD Hydro,8.4,142.0223628407765
HD Hydro,8.5,141.466745124291
HD Hydro,8.6,140.9240487500494
HD Hydro,8.7,140.39382815452586
HD Hydro,8.8,139.87565802708232
HD Hydro,8.9,139.36913217216585
HD Hydro,9.0,138.87386244735848
HD Hydro,9.1,138.38947777144804
HD Hydro,9.2,137.9156231971878
HD Hydro,9.3,137.45195904387938
HD Hydro,9.4,136.99816008532224
HD Hydro,9.5,136.55391478905042
HD Hydro,9.6,136.1189246031177
HD Hydro,9.7,135.69290328699802
HD Hydro,9.8,135.2755762834522
HD Hydro,9.9,134.86668012846278
HD Hydro,10.0,134.46596189657322
HD Hydro,10.1,134.07317867917646
HD Hydro,10.2,133.68809709349347
HD Hydro,10.3,133.3104928201538
HD Hydro,10.4,132.94015016745524
HD Hydro,10.5,132.57686166052235
HD Hydro,10.6,132.22042765372035
HD Hydro,10.7,131.87065596480244
HD Hydro,10.8,131.527361529383
HD Hydro,10.9,131.19036607443007
HD Hydro,11.0,130.85949780956707
HD Hydro,11.1,130.53459113506204
HD Hydro,11.2,130.21548636545884
HD Hydro,11.3,129.902029467884
HD Hydro,11.4,129.5940718141264
HD Hydro,11.5,129.2914699456514
HD Hydro,11.6,128.99408535077077
HD Hydro,11.7,128.70178425323857
HD Hydro,11.8,128.41443741159674
HD Hydro,11.9,128.131919928638
HD Hydro,12.0,127.85411107039529
PHES,0.1,3379.228075567808
PHES,0.2,1727.2158781122912
PHES,0.3,1176.545145627118
PHES,0.4,901.2097793845327
PHES,0.5,736.0085596389814
PHES,0.6,625.8744131419462
PHES,0.7,547.2071656440647
PHES,0.8,488.2067300206535
PHES,0.9,442.31750231355556
PHES,1.0,405.60612014787785
PHES,1.1,375.5695347395953
PHES,1.2,350.53904689936013
PHES,1.3,329.3594033422383
PHES,1.4,311.20542315041945
PHES,1.5,295.47197365084315
PHES,1.6,281.7052053387138
PHES,1.7,269.5580568280115
PHES,1.8,258.76059148516487
PHES,1.9,249.09970144156543
PHES,2.0,240.40490040232598
PHES,2.1,232.53817565253766
PHES,2.2,225.38660769818478
PHES,2.3,218.85691521812336
PHES,2.4,212.87136377806712
PHES,2.5,207.36465645321545
PHES,2.6,202.28154199950623
PHES,2.7,197.57495454236806
PHES,2.8,193.2045519035968
PHES,2.9,189.13555634336143
PHES,3.0,185.33782715380863
PHES,3.1,181.78511275067837
PHES,3.2,178.45444299774397
PHES,3.3,175.3256320177145
PHES,3.4,172.38086874239283
PHES,3.5,169.60437765423222
PHES,3.6,166.98213607096946
PHES,3.7,164.50163727599124
PHES,3.8,162.15169104916978
PHES,3.9,159.92225488526216
PHES,4.0,157.8042905295501
PHES,4.1,155.7896415082628
PHES,4.2,153.8709281546559
PHES,4.3,152.04145728261204
PHES,4.4,150.29514417747947
PHES,4.5,148.62644498813046
PHES,4.6,147.03029793744875
PHES,4.7,145.50207203786
PHES,4.8,144.03752221742062
PHES,4.9,142.6327499406728
PHES,5.0,141.28416855499478
PHES,5.1,139.98847271385313
PHES,5.2,138.7426113281402
PHES,5.3,137.54376357962386
PHES,5.4,136.38931759957111
PHES,5.5,135.2768514733383
PHES,5.6,134.2041162801855
PHES,5.7,133.16902091837122
PHES,5.8,132.16961850006777
PHES,5.9,131.2040941298425
PHES,6.0,130.2707539052914
PHES,6.1,129.3680149995781
PHES,6.2,128.49439670372624
PHES,6.3,127.64851232202861
PHES,6.4,126.82906182725907
PHES,6.5,126.034825193867
PHES,6.6,125.2646563372443
PHES,6.7,124.5174775957448
PHES,6.8,123.79227469958352
PHES,6.9,123.08809217722391
PHES,7.0,122.40402915550318
PHES,7.1,121.739235514676
PHES,7.2,121.09290836387179
PHES,7.3,120.46428880624028
PHES,7.4,119.85265896638266
PHES,7.5,119.25733925558795
PHES,7.6,118.67768585297195
PHES,7.7,118.11308838289148
PHES,7.8,117.56296777101814
PHES,7.9,117.02677426324294
PHES,8.0,116.50398559316214
PHES,8.1,115.99410528530542
PHES,8.2,115.49666108251847
PHES,8.3,115.01120348702761
PHES,8.4,114.537304405715
PHES,8.5,114.07455589102159
PHES,8.6,113.62256896969306
PHES,8.7,113.18097255230329
PHES,8.8,112.74941241712679
PHES,8.9,112.32755026251613
PHES,9.0,111.91506282245227
PHES,9.1,111.51164104041187
PHES,9.2,111.11698929711142
PHES,9.3,110.73082468807559
PHES,9.4,110.35287634731706
PHES,9.5,109.98288481373241
PHES,9.6,109.62060143709735
PHES,9.7,109.26578782080534
PHES,9.8,108.91821529872348
PHES,9.9,108.57766444375426
PHES,10.0,108.24392460588449
PHES,10.1,107.91679347767548
PHES,10.2,107.59607668531359
PHES,10.3,107.28158740348323
PHES,10.4,106.97314599245719
PHES,10.5,106.67057965592679
PHES,10.6,106.373722118199
PHES,10.7,106.08241331949404
PHES,10.8,105.79649912817264
PHES,10.9,105.51583106880202
PHES,11.0,105.2402660650562
PHES,11.1,104.96966619651316
PHES,11.2,104.70389846847982
PHES,11.3,104.44283459403991
PHES,11.4,104.18635078757269
PHES,11.5,103.93432756904402
PHES,11.6,103.68664957842094
PHES,11.7,103.44320539960347
PHES,11.8,103.20388739330835
PHES,11.9,102.9685915383795
PHES,12.0,102.7372172810328
CAES,0.1,4205.092367411425
CAES,0.2,2165.1662660679394
CAES,0.3,1485.1908989534445
CAES,0.4,1145.203215396197
CAES,0.5,941.2106052618485
CAES,0.6,805.2155318389496
CAES,0.7,708.0761936797359
CAES,0.8,635.2216900603257
CAES,0.9,578.5570761341179
CAES,1.0,533.2253849931517
CAES,1.1,496.13581951417916
CAES,1.2,465.22784828170205
CAES,1.3,439.07494954652924
CAES,1.4,416.65817920209525
CAES,1.5,397.2303115702525
CAES,1.6,380.2309273923901
CAES,1.7,365.2314707648647
CAES,1.8,351.89862042928627
CAES,1.9,339.96922802376884
CAES,2.0,329.23277485880317
CAES,2.1,319.51884104288195
CAES,2.2,310.68799211931685
CAES,2.3,302.62504310214894
CAES,2.4,295.2340065030783
CAES,2.5,288.43425283193346
CAES,2.6,282.1575571354919
CAES,2.7,276.34580186100897
CAES,2.8,270.9491719632749
CAES,2.9,265.9247234377984
CAES,3.0,261.2352381473535
CAES,3.1,256.848300295002
CAES,3.2,252.7355460584224
CAES,3.3,248.87204965436277
CAES,3.4,245.23581774465964
CAES,3.5,241.80737051551077
CAES,3.6,238.56939257687043
CAES,3.7,235.5064404727511
CAES,3.8,232.60469637411177
CAES,3.9,229.85175966514618
CAES,4.0,227.23646979162893
CAES,4.1,224.74875503389293
CAES,4.2,222.3795028836683
CAES,4.3,220.12044850787248
CAES,4.4,217.96407842188572
CAES,4.5,215.90354700638713
CAES,4.6,213.93260391330182
CAES,4.7,212.04553073907104
CAES,4.8,210.23708561376645
CAES,4.9,208.50245457520916
CAES,5.0,206.83720877819405
CAES,5.1,205.23726673792467
CAES,5.2,203.69886092997325
CAES,5.3,202.21850817137852
CAES,5.4,200.7929832927318
CAES,5.5,199.41929568239956
CAES,5.6,198.09466834386475
CAES,5.7,196.8165191575593
CAES,5.8,195.58244408112648
CAES,5.9,194.39020205813202
CAES,6.0,193.23770143590403
CAES,6.1,192.12298771932285
CAES,6.2,191.04423250972826
CAES,6.3,189.99972349726357
CAES,6.4,188.9878553914385
CAES,6.5,188.00712168886955
CAES,6.6,187.0561071894087
CAES,6.7,186.13348118246904
CAES,6.8,185.23799123455714
CAES,6.9,184.36845751701932
CAES,7.0,183.52376761998264
CAES,7.1,182.70287180455284
CAES,7.2,181.90477865066256
CAES,7.3,181.12855106263228
CAES,7.4,180.37330259860286
CAES,7.5,179.6381940936141
CAES,7.6,178.9224305492832
CAES,7.7,178.2252582658439
CAES,7.8,177.5459621948004
CAES,7.9,176.88386349264405
CAES,8.0,176.23831725804177
CAES,8.1,175.60871043663934
CAES,8.2,174.9944598791738
CAES,8.3,174.39501053996023
CAES,8.4,173.8098338040615
CAES,8.5,173.23842593253667
CAES,8.6,172.6803066161636
CAES,8.7,172.13501762890257
CAES,8.8,171.6021215731702
CAES,8.9,171.08120070970142
CAES,9.0,170.57185586542082
CAES,9.1,170.07370541332236
CAES,9.2,169.5863843188782
CAES,9.3,169.1095432479705
CAES,9.4,168.6428477317628
CAES,9.5,168.1859773843175
CAES,9.6,167.73862516911055
CAES,9.7,167.30049671091828
CAES,9.8,166.8713096498319
CAES,9.9,166.45079303442398
CAES,10.0,166.03868675132438
CAES,10.1,165.63474098868198
CAES,10.2,165.23871573118964
CAES,10.3,164.85038028452223
CAES,10.4,164.46951282721398
CAES,10.5,164.09589998814013
CAES,10.6,163.72933644791655
CAES,10.7,163.36962456265059
CAES,10.8,163.01657400859318
CAES,10.9,162.67000144635347
CAES,11.0,162.32973020342712
CAES,11.1,161.99558997388678
CAES,11.2,161.66741653415968
CAES,11.3,161.34505147389692
CAES,11.4,161.02834194100697
CAES,11.5,160.7171403999935
CAES,11.6,160.41130440279056
CAES,11.7,160.11069637135176
CAES,11.8,159.81518339129332
CAES,11.9,159.52463701594175
CAES,12.0,159.23893308017935
Flywheel,0.1,2468.5919820470212
Flywheel,0.2,1641.5415064028737
Flywheel,0.3,1365.8580145214914
Flywheel,0.4,1228.0162685807995
Flywheel,0.5,1145.311221016385
Flywheel,0.6,1090.1745226401088
Flywheel,0.7,1050.791166657053
Flywheel,0.8,1021.2536496697627
Flywheel,0.9,998.2800253463142
Flywheel,1.0,979.9011258875554
Flywheel,1.1,964.8638445122072
Flywheel,1.2,952.3327766994174
Flywheel,1.3,941.7295654732096
Flywheel,1.4,932.6410987078893
Flywheel,1.5,924.764427511279
Flywheel,1.6,917.8723402142442
Flywheel,1.7,911.7910867168613
Flywheel,1.8,906.38552805252
Flywheel,1.9,901.5489755633728
Flywheel,2.0,897.1960783231405
Flywheel,2.1,893.2577427248353
Flywheel,2.2,889.6774376354663
Flywheel,2.3,886.4084634234343
Flywheel,2.4,883.4119037290716
Flywheel,2.5,880.6550688102573
Flywheel,2.6,878.1102981159675
Flywheel,2.7,875.7540289545889
Flywheel,2.8,873.5660647333073
Flywheel,2.9,871.5289945962531
Flywheel,3.0,869.6277291350024
Flywheel,3.1,867.849125961574
Flywheel,3.2,866.1816854864849
Flywheel,3.3,864.6153020098861
Flywheel,3.4,863.1410587377936
Flywheel,3.5,861.7510579383912
Flywheel,3.6,860.4382794056228
Flywheel,3.7,859.1964618746258
Flywheel,3.8,858.0200031610492
Flywheel,3.9,856.903875663554
Flywheel,4.0,855.843554540933
Flywheel,4.1,854.834956399904
Flywheel,4.2,853.8743867417809
Flywheel,4.3,852.9584947421749
Flywheel,4.4,852.084234197096
Flywheel,4.5,851.2488296762435
Flywheel,4.6,850.4497470910801
Flywheel,4.7,849.6846680201787
Flywheel,4.8,848.9514672438988
Flywheel,4.9,848.2481930299152
Flywheel,5.0,847.5730497844913
Flywheel,5.1,846.9243827447707
Flywheel,5.2,846.3006644373464
Flywheel,5.3,845.7004826698255
Flywheel,5.4,845.1225298566575
Flywheel,5.5,844.5655935094225
Flywheel,5.6,844.0285477460163
Flywheel,5.7,843.5103456936082
Flywheel,5.8,843.0100126774895
Flywheel,5.9,842.5266401025951
Flywheel,6.0,842.059379946864
Flywheel,6.1,841.6074397962386
Flywheel,6.2,841.1700783601499
Flywheel,6.3,840.7466014140956
Flywheel,6.4,840.3363581226052
Flywheel,6.5,839.9387377016226
Flywheel,6.6,839.5531663843059
Flywheel,6.7,839.1791046585513
Flywheel,6.8,838.8160447482599
Flywheel,6.9,838.4635083136285
Flywheel,7.0,838.1210443485585
Flywheel,7.1,837.788227255744
Flywheel,7.2,837.4646550821743
Flywheel,7.3,837.1499478996617
Flywheel,7.4,836.8437463166758
Flywheel,7.5,836.5457101092361
Flywheel,7.6,836.2555169598874
Flywheel,7.7,835.9728612949375
Flywheel,7.8,835.69745321114
Flywheel,7.9,835.4290174838942
Flywheel,8.0,835.1672926498294
Flywheel,8.1,834.9120301573467
Flywheel,8.2,834.662993579315
Flywheel,8.3,834.4199578826815
Flywheel,8.4,834.1827087502534
Flywheel,8.5,833.9510419503529
Flywheel,8.6,833.7247627504505
Flywheel,8.7,833.5036853712351
Flywheel,8.8,833.2876324779106
Flywheel,8.9,833.0764347057847
Flywheel,9.0,832.8699302174845
Flywheel,9.1,832.6679642893658
Flywheel,9.2,832.4703889249029
Flywheel,9.3,832.2770624930084
Flywheel,9.4,832.0878493894521
Flywheel,9.5,831.902619719655
Flywheel,9.6,831.7212490013123
Flywheel,9.7,831.5436178854095
Flywheel,9.8,831.3696118943204
Flywheel,9.9,831.1991211757794
Flywheel,10.0,831.0320402716084
Flywheel,10.1,830.868267900194
Flywheel,10.2,830.7077067517482
Flywheel,10.3,830.5502632955051
Flywheel,10.4,830.3958475980359
Flywheel,10.5,830.2443731519475
Flywheel,10.6,830.0957567142755
Flywheel,10.7,829.9499181539434
Flywheel,10.8,829.8067803076916
Flywheel,10.9,829.6662688439393
Flywheel,11.0,829.5283121340742
Flywheel,11.1,829.3928411306922
Flywheel,11.2,829.2597892523708
Flywheel,11.3,829.1290922745512
Flywheel,11.4,829.0006882261669
Flywheel,11.5,828.8745172916672
Flywheel,11.6,828.7505217181075
Flywheel,11.7,828.6286457270014
Flywheel,11.8,828.5088354306604
Flywheel,11.9,828.3910387527451
Flywheel,12.0,828.275205352795
Li-ion,0.1,2589.295790391527
Li-ion,0.2,1447.418757737354
Li-ion,0.3,1066.793080185963
Li-ion,0.4,876.4802414102677
Li-ion,0.5,762.2925381448503
Li-ion,0.6,686.167402634572
Li-ion,0.7,631.7923058415162
Li-ion,0.8,591.0109832467243
Li-ion,0.9,559.2921767841085
Li-ion,1.0,533.9171316140156
Li-ion,1.1,513.1557310203033
Li-ion,1.2,495.8545638588765
Li-ion,1.3,481.2151147222845
Li-ion,1.4,468.6670154623485
Li-ion,1.5,457.79199610373746
Li-ion,1.6,448.2763541649527
Li-ion,1.7,439.8801995130837
Li-ion,1.8,432.4169509336447
Li-ion,1.9,425.73930746783077
Li-ion,2.0,419.7294283485983
Li-ion,2.1,414.2919186692928
Li-ion,2.2,409.34872805174217
Li-ion,2.3,404.83538009658736
Li-ion,2.4,400.69814447102874
Li-ion,2.5,396.89188769551487
Li-ion,2.6,393.37841990273273
Li-ion,2.7,390.1252089834901
Li-ion,2.8,387.1043702727647
Li-ion,2.9,384.2918652662273
Li-ion,3.0,381.6668605934592
Li-ion,3.1,379.2112110608695
Li-ion,3.2,376.90903962406685
Li-ion,3.3,374.7463937288885
Li-ion,3.4,372.7109622981323
Li-ion,3.5,370.791841234848
Li-ion,3.6,368.9793380084129
Li-ion,3.7,367.26480792935246
Li-ion,3.8,365.64051627550583
Li-ion,3.9,364.0995216295487
Li-ion,4.0,362.6355767158896
Li-ion,4.1,361.2430437492381
Li-ion,4.2,359.9168218762369
Li-ion,4.3,358.6522847415146
Li-ion,4.4,357.44522656746153
Li-ion,4.5,356.2918154233664
Li-ion,4.6,355.1885525898841
Li-ion,4.7,354.1322371110182
Li-ion,4.8,353.11993477710485
Li-ion,4.9,352.1489509058003
Li-ion,5.0,351.21680638934794
Li-ion,5.1,350.3212165598152
Li-ion,5.2,349.4600724929569
Li-ion,5.3,348.6314244286214
Li-ion,5.4,347.8334670333355
Li-ion,5.5,347.0645262706054
Li-ion,5.6,346.32304767797285
Li-ion,5.7,345.60758587806424
Li-ion,5.8,344.91679517470413
Li-ion,5.9,344.2494211053563
Li-ion,6.0,343.60429283832013
Li-ion,6.1,342.98031631774404
Li-ion,6.2,342.37646807202526
Li-ion,6.3,341.7917896118848
Li-ion,6.4,341.22538235362396
Li-ion,6.5,340.6764030110017
Li-ion,6.6,340.1440594060348
Li-ion,6.7,339.62760665494733
Li-ion,6.8,339.1263436906566
Li-ion,6.9,338.63961008764966
Li-ion,7.0,338.16678315901447
Li-ion,7.1,337.70727529879144
Li-ion,7.2,337.26053154579694
Li-ion,7.3,336.8260273476788
Li-ion,7.4,336.4032665062667
Li-ion,7.5,335.9917792872922
Li-ion,7.6,335.5911206793434
Li-ion,7.7,335.2008687884841
Li-ion,7.8,334.8206233563648
Li-ion,7.9,334.45000439088153
Li-ion,8.0,334.0886508995353
Li-ion,8.1,333.7362197166173
Li-ion,8.2,333.39238441620955
Li-ion,8.3,333.0568343037634
Li-ion,8.4,332.7292734797089
Li-ion,8.5,332.4094199691615
Li-ion,8.6,332.0970049123477
Li-ion,8.7,331.791771810863
Li-ion,8.8,331.4934758253212
Li-ion,8.9,331.2018831203534
Li-ion,9.0,330.9167702532736
Li-ion,9.1,330.63792360305285
Li-ion,9.2,330.36513883653254
Li-ion,9.3,330.09822040907704
Li-ion,9.4,329.83698109709957
Li-ion,9.5,329.58124156011087
Li-ion,9.6,329.3308299301429
Li-ion,9.7,329.08558142656585
Li-ion,9.8,328.8453379944906
Li-ion,9.9,328.6099479650834
Li-ion,10.0,328.3792657362644
Li-ion,10.1,328.1531514723724
Li-ion,10.2,327.931470821498
Li-ion,10.3,327.7140946492814
Li-ion,10.4,327.50089878806887
Li-ion,10.5,327.2917638004033
Li-ion,10.6,327.08657475590115
Li-ion,10.7,326.8852210206421
Li-ion,10.8,326.68759605825824
Li-ion,10.9,326.49359724197313
Li-ion,11.0,326.30312567689316
Li-ion,11.1,326.11608603190473
Li-ion,11.2,325.9323863805769
Li-ion,11.3,325.75193805051146
Li-ion,11.4,325.5746554806226
Li-ion,11.5,325.4004560858623
Li-ion,11.6,325.2292601289425
Li-ion,11.7,325.0609905986369
Li-ion,11.8,324.89557309426857
Li-ion,11.9,324.7329357160242
Li-ion,12.0,324.57300896075054
Nas,0.1,5554.8328615191185
Nas,0.2,2982.6439164870876
Nas,0.3,2125.2476014764097
Nas,0.4,1696.5494439710717
Nas,0.5,1439.3305494678682
Nas,0.6,1267.8512864657328
Nas,0.7,1145.3660986070647
Nas,0.8,1053.5022077130636
Nas,0.9,982.0525147955072
Nas,1.0,924.892760461462
Nas,1.1,878.1256887336071
Nas,1.2,839.1531289603943
Nas,1.3,806.1763476138301
Nas,1.4,777.9105350310602
Nas,1.5,753.4134974593268
Nas,1.6,731.9785895840598
Nas,1.7,713.0654355764714
Nas,1.8,696.2537431252816
Nas,1.9,681.2117025110591
Nas,2.0,667.6738659582591
Nas,2.1,655.4253471723922
Nas,2.2,644.2903300943316
Nas,2.3,634.1235753708849
Nas,2.4,624.804050207725
Nas,2.5,616.2300870576186
Nas,2.6,608.3156595344431
Nas,2.7,600.987485901873
Nas,2.8,594.1827532430581
Nas,2.9,587.8473124917476
Nas,3.0,581.9342344571913
Nas,3.1,576.4026453280902
Nas,3.2,571.2167805195579
Nas,3.3,566.3452105479064
Nas,3.4,561.7602035157637
Nas,3.5,557.4371968854579
Nas,3.6,553.3543572901688
Nas,3.7,549.4922117270577
Nas,3.8,545.8333369830575
Nas,3.9,542.3620968413139
Nas,4.0,539.0644187066574
Nas,4.1,535.927602920033
Nas,4.2,532.940159313724
Nas,4.3,530.0916665728248
Nas,4.4,527.3726507746937
Nas,4.5,524.7744801231462
Nas,4.6,522.2892734129703
Nas,4.7,519.9098201798232
Nas,4.8,517.6295108313905
Nas,4.9,515.4422753339143
Nas,5.0,513.3425292563372
Nas,5.1,511.32512616219446
Nas,5.2,509.3853154947494
Nas,5.3,507.51870522984945
Nas,5.4,505.72122867846434
Nas,5.5,503.9891149107661
Nas,5.6,502.31886234905693
Nas,5.7,500.7072151403903
Nas,5.8,499.15114197340165
Nas,5.9,497.64781704936206
Nas,6.0,496.1946029561236
Nas,6.1,494.78903522659795
Nas,6.2,493.428808391573
Nas,6.3,492.1117633608346
Nas,6.4,490.83587598730685
Nas,6.5,489.59924668681066
Nas,6.6,488.4000910014811
Nas,6.7,487.2367310082509
Nas,6.8,486.10758748540974
Nas,6.9,485.01117276033216
Nas,7.0,483.9460841702569
Nas,7.1,482.9109980756764
Nas,7.2,481.9046643726123
Nas,7.3,480.92590145593334
Nas,7.4,479.9735915910568
Nas,7.5,479.04667665591
Nas,7.6,478.14415421905665
Nas,7.7,477.26507392342035
Nas,7.8,476.40853414818486
Nas,7.9,475.5736789242214
Nas,8.0,474.7596950808566
Nas,8.1,473.96580960399496
Nas,8.2,473.19128718754433
Nas,8.3,472.43542796185176
Nas,8.4,471.69756538439
Nas,8.5,470.97706427933895
Nas,8.6,470.27331901394035
Nas,8.7,469.58575180061973
Nas,8.8,468.91381111487476
Nas,8.9,468.25697021982063
Nas,9.0,467.614725789101
Nas,9.1,466.98659662059504
Nas,9.2,466.3721224340131
Nas,9.3,465.7708627460672
Nas,9.4,465.18239581743944
Nas,9.5,464.60631766625653
Nas,9.6,464.04224114322307
Nas,9.7,463.48979506396375
Nas,9.8,462.9486233944851
Nas,9.9,462.41838448600606
Nas,10.0,461.8987503556965
Nas,10.1,461.38940601014554
Nas,10.2,460.8900488086252
Nas,10.3,460.4003878634448
Nas,10.4,459.92014347490266
Nas,10.5,459.4490465985231
Nas,10.6,458.98683834245264
Nas,10.7,458.5332694930377
Nas,10.8,458.0881000667601
Nas,10.9,457.6510988868363
Nas,11.0,457.2220431829111
Nas,11.1,456.80071821238977
Nas,11.2,456.3869169020563
Nas,11.3,455.9804395087201
Nas,11.4,455.58109329772304
Nas,11.5,455.18869223822156
Nas,11.6,454.80305671422866
Nas,11.7,454.42401325047524
Nas,11.8,454.05139425220904
Nas,11.9,453.68503775811524
Nas,12.0,453.3247872055898
Lead-Acid,0.1,7302.524000315404
Lead-Acid,0.2,4014.8871062727853
Lead-Acid,0.3,2919.008141591912
Lead-Acid,0.4,2371.0686592514758
Lead-Acid,0.5,2042.3049698472146
Lead-Acid,0.6,1823.1291769110396
Lead-Acid,0.7,1666.5750390994865
Lead-Acid,0.8,1549.1594357408217
Lead-Acid,0.9,1457.8361886840823
Lead-Acid,1.0,1384.7775910386908
Lead-Acid,1.1,1325.00237478337
Lead-Acid,1.2,1275.1896945706033
Lead-Acid,1.3,1233.0405036213388
Lead-Acid,1.4,1196.9126256648267
Lead-Acid,1.5,1165.601798102516
Lead-Acid,1.6,1138.2048239854944
Lead-Acid,1.7,1114.0310232940042
Lead-Acid,1.8,1092.5432004571246
Lead-Acid,1.9,1073.3172537083374
Lead-Acid,2.0,1056.013901634429
Lead-Acid,2.1,1040.3584878532733
Lead-Acid,2.2,1026.1262935067684
Lead-Acid,2.3,1013.1316812773509
Lead-Acid,2.4,1001.2199534003852
Lead-Acid,2.5,990.2611637535765
Lead-Acid,2.6,980.1453579257528
Lead-Acid,2.7,970.7788710481386
Lead-Acid,2.8,962.0814189474968
Lead-Acid,2.9,953.9837911296577
Lead-Acid,3.0,946.4260051663416
Lead-Acid,3.1,939.3558182974327
Lead-Acid,3.2,932.7275181078306
Lead-Acid,3.3,926.5009330812347
Lead-Acid,3.4,920.6406177620853
Lead-Acid,3.5,915.115177604031
Lead-Acid,3.6,909.8967063436459
Lead-Acid,3.7,904.960314610849
Lead-Acid,3.8,900.2837329692521
Lead-Acid,3.9,895.8469760272243
Lead-Acid,4.0,891.6320569322982
Lead-Acid,4.1,887.6227436468799
Lead-Acid,4.2,883.8043500417202
Lead-Acid,4.3,880.1635561391261
Lead-Acid,4.4,876.6882528684678
Lead-Acid,4.5,873.3674075209501
Lead-Acid,4.6,870.1909467537589
Lead-Acid,4.7,867.1496545298529
Lead-Acid,4.8,864.2350828152762
Lead-Acid,4.9,861.4394732114984
Lead-Acid,5.0,858.7556879918718
Lead-Acid,5.1,856.1771492514462
Lead-Acid,5.2,853.6977850779599
Lead-Acid,5.3,851.3119818166808
Lead-Acid,5.4,849.0145416391529
Lead-Acid,5.5,846.8006447408078
Lead-Acid,5.6,844.665815588832
Lead-Acid,5.7,842.6058927228905
Lead-Acid,5.8,840.6170016799124
Lead-Acid,5.9,838.6955306722897
Lead-Acid,6.0,836.8381086982544
Lead-Acid,6.1,835.0415858053348
Lead-Acid,6.2,833.3030152637999
Lead-Acid,6.3,831.6196374378691
Lead-Acid,6.4,829.9888651689989
Lead-Acid,6.5,828.4082705084015
Lead-Acid,6.6,826.8755726557009
Lead-Acid,6.7,825.3886269777078
Lead-Acid,6.8,823.945414996126
Lead-Acid,6.9,822.544035245895
Lead-Acid,7.0,821.1826949170991
Lead-Acid,7.1,819.8597022031986
Lead-Acid,7.2,818.5734592869065
Lead-Acid,7.3,817.3224559025675
Lead-Acid,7.4,816.105263420508
Lead-Acid,7.5,814.9205294046369
Lead-Acid,7.6,813.7669725997097
Lead-Acid,7.7,812.643378309196
Lead-Acid,7.8,811.5485941286955
Lead-Acid,7.9,810.4815260033979
Lead-Acid,8.0,809.4411345812326
Lead-Acid,8.1,808.4264318361577
Lead-Acid,8.2,807.4364779385234
Lead-Acid,8.3,806.4703783516759
Lead-Acid,8.4,805.5272811359436
Lead-Acid,8.5,804.6063744429343
Lead-Acid,8.6,803.7068841846465
Lead-Acid,8.7,802.8280718633305
Lead-Acid,8.8,801.9692325493173
Lead-Acid,8.9,801.1296929951699
Lead-Acid,9.0,800.3088098755586
Lead-Acid,9.1,799.5059681431917
Lead-Acid,9.2,798.7205794919629
Lead-Acid,9.3,797.9520809192555
Lead-Acid,9.4,797.19993338001
Lead-Acid,9.5,796.463620525801
Lead-Acid,9.6,795.7426475227215
Lead-Acid,9.7,795.0365399423858
Lead-Acid,9.8,794.3448427208326
Lead-Acid,9.9,793.6671191805232
Lead-Acid,10.0,793.0029501110195
Lead-Acid,10.1,792.3519329042782
Lead-Acid,10.2,791.7136807408066
Lead-Acid,10.3,791.0878218232275
Lead-Acid,10.4,790.4739986540634
Lead-Acid,10.5,789.8718673547885
Lead-Acid,10.6,789.2810970234239
Lead-Acid,10.7,788.70136912816
Lead-Acid,10.8,788.1323769346599
Lead-Acid,10.9,787.5738249648941
Lead-Acid,11.0,787.0254284854874
Lead-Acid,11.1,786.4869130237277
Lead-Acid,11.2,785.9580139094994
Lead-Acid,11.3,785.4384758415408
Lead-Acid,11.4,784.9280524765287
Lead-Acid,11.5,784.426506039604
Lead-Acid,11.6,783.9336069550397
Lead-Acid,11.7,783.4491334958528
Lead-Acid,11.8,782.9728714512283
Lead-Acid,11.9,782.5046138107152
Lead-Acid,12.0,782.0441604642108
VRFB,0.1,2603.0085832662057
VRFB,0.2,1400.0452920502194
VRFB,0.3,999.0575283115572
VRFB,0.4,798.563646442226
VRFB,0.5,678.2673173206273
VRFB,0.6,598.0697645728949
VRFB,0.7,540.7857983245146
VRFB,0.8,497.8228236382293
VRFB,0.9,464.4071766600074
VRFB,1.0,437.6746590774299
VRFB,1.1,415.8025992371392
VRFB,1.2,397.57588270356376
VRFB,1.3,382.15327640592284
VRFB,1.4,368.93389957937353
VRFB,1.5,357.4771063296976
VRFB,1.6,347.4524122362309
VRFB,1.7,338.6070939184663
VRFB,1.8,330.74458874711996
VRFB,1.9,323.7097156990734
VRFB,2.0,317.37832995583125
VRFB,2.1,311.64993333099324
VRFB,2.2,306.4423000356859
VRFB,2.3,301.6875044182314
VRFB,2.4,297.3289417688982
VRFB,2.5,293.31906413151154
VRFB,2.6,289.6176386200777
VRFB,2.7,286.1903927761576
VRFB,2.8,283.0079502068031
VRFB,2.9,280.0449864353352
VRFB,3.0,277.2795535819651
VRFB,3.1,274.692535751393
VRFB,3.2,272.26720653523176
VRFB,3.3,269.98886696853486
VRFB,3.4,267.84454737634945
VRFB,3.5,265.82276033228896
VRFB,3.6,263.9132947906763
VRFB,3.7,262.10704360266436
VRFB,3.8,260.395858266653
VRFB,3.9,258.772426024796
VRFB,4.0,257.230165395032
VRFB,4.1,255.76313699110997
VRFB,4.2,254.3659670826129
VRFB,4.3,253.0337818210227
VRFB,4.4,251.7621504349592
VRFB,4.5,250.54703599938756
VRFB,4.6,249.38475262623197
VRFB,4.7,248.27192812001925
VRFB,4.8,247.20547130156538
VRFB,4.9,246.18254333284426
VRFB,5.0,245.20053248287203
VRFB,5.1,244.2570318623105
VRFB,5.2,243.34981972715508
VRFB,5.3,242.47684201219434
VRFB,5.4,241.63619680519508
VRFB,5.5,240.82612051481394
VRFB,5.6,240.04497552051785
VRFB,5.7,239.29123912251285
VRFB,5.8,238.56349363478392
VRFB,5.9,237.86041748562198
VRFB,6.0,237.18077720809887
VRFB,6.1,236.52342021836327
VRFB,6.2,235.8872682928128
VRFB,6.3,235.27131166648613
VRFB,6.4,234.67460368473218
VRFB,6.5,234.09625594857067
VRFB,6.6,233.53543390138373
VRFB,6.7,232.99135281082928
VRFB,6.8,232.46327410529105
VRFB,6.9,231.95050202889888
VRFB,7.0,231.45238058326075
VRFB,7.1,230.96829072764066
VRFB,7.2,230.4976478124544
VRFB,7.3,230.0398992237117
VRFB,7.4,229.5945222184485
VRFB,7.5,229.1610219333256
VRFB,7.6,228.73892955044283
VRFB,7.7,228.32780060607638
VRFB,7.8,227.9272134295143
VRFB,7.9,227.53676770046008
VRFB,8.0,227.15608311463225
VRFB,8.1,226.78479814820753
VRFB,8.2,226.42256891267132
VRFB,8.3,226.06906809244913
VRFB,8.4,225.7239839584228
VRFB,8.5,225.38701945107934
VRFB,8.6,225.0578913276277
VRFB,8.7,224.73632936793337
VRFB,8.8,224.4220756345959
VRFB,8.9,224.11488378290647
VRFB,9.0,223.8145184168101
VRFB,9.1,223.5207544873312
VRFB,9.2,223.23337673023232
VRFB,9.3,222.9521791399527
VRFB,9.4,222.6769644771259
VRFB,9.5,222.4075438072007
VRFB,9.6,222.143736067899
VRFB,9.7,221.88536766342818
VRFB,9.8,221.6322720835384
VRFB,9.9,221.3842895456667
VRFB,10.0,221.1412666585523
VRFB,10.1,220.9030561058362
VRFB,10.2,220.66951634827151
VRFB,10.3,220.44051134328092
VRFB,10.4,220.2159102806938
VRFB,10.5,219.99558733358472
VRFB,10.6,219.77942142321345
VRFB,10.7,219.56729599714828
VRFB,10.8,219.35909881971384
VRFB,10.9,219.15472177397552
VRFB,11.0,218.95406067452325
VRFB,11.1,218.7570150903765
VRFB,11.2,218.5634881773752
VRFB,11.3,218.37338651947132
VRFB,11.4,218.18661997837273
VRFB,11.5,218.00310155103242
VRFB,11.6,217.82274723450828
VRFB,11.7,217.6454758977538
VRFB,11.8,217.47120915992727
VRFB,11.9,217.29987127483741
VRFB,12.0,217.13138902116575
H2,0.1,14445.25731707336
H2,0.2,7302.74409447457
H2,0.3,4921.906353608308
H2,0.4,3731.487483175175
H2,0.5,3017.236160915295
H2,0.6,2541.0686127420436
H2,0.7,2200.9489354754346
H2,0.8,1945.859177525477
H2,0.9,1747.4560324532888
H2,1.0,1588.7335163955377
H2,1.1,1458.8696396210137
H2,1.2,1350.6497423089118
H2,1.3,1259.0790599679008
H2,1.4,1180.589903675607
H2,1.5,1112.5659682222854
H2,1.6,1053.0450247006283
H2,1.7,1000.5265451226961
H2,1.8,953.8434521645341
H2,1.9,912.0743689914419
H2,2.0,874.4821941356585
H2,2.1,840.4702264089976
H2,2.2,809.5502557483967
H2,2.3,781.318978188718
H2,2.4,755.4403070923456
H2,2.5,731.6319296836826
H2,2.6,709.6549659218401
H2,2.7,689.305925401616
H2,2.8,670.4103877756934
H2,2.9,652.8179906756963
H2,3.0,636.3984200490323
H2,3.1,621.0381765595724
H2,3.2,606.637948288204
H2,3.3,593.1104611241913
H2,3.4,580.3787084992377
H2,3.5,568.3744845957104
H2,3.6,557.0371620201569
H2,3.7,546.3126676919302
H2,3.8,536.1526204336108
H2,3.9,526.5136012398203
H2,4.0,517.356533005719
H2,4.1,508.6461510269402
H2,4.2,500.3505491423886
H2,4.3,492.4407892059559
H2,4.4,484.8905638120881
H2,4.5,477.67590399128125
H2,4.6,470.7749250322488
H2,4.7,464.167604752324
H2,4.8,457.8355894840626
H2,4.9,451.7620238185874
H2,5.0,445.9314007797311
H2,5.1,440.32942962475175
H2,5.2,434.94291889880986
H2,5.3,429.7596727285644
H2,5.4,424.7683986386978
H2,5.5,419.95862542482655
H2,5.6,415.32062982573655
H2,5.7,410.8453709143338
H2,5.8,406.5244312757379
H2,5.9,402.3499641672639
H2,6.0,398.31464596240596
H2,6.1,394.4116332724613
H2,6.2,390.6345242176761
H2,6.3,386.9773233868523
H2,6.4,383.43441008199176
H2,6.5,380.0005094942039
H2,6.6,376.6706664999854
H2,6.7,373.4402218041017
H2,6.8,370.3047901875087
H2,6.9,367.26024064675903
H2,7.0,364.302678235745
H2,7.1,361.4284274419428
H2,7.2,358.6340169479683
H2,7.3,355.91616564560945
H2,7.4,353.27176978385484
H2,7.5,350.6978911450806
H2,7.6,348.1917461546951
H2,7.7,345.75069583938466
H2,7.8,343.37223655779997
H2,7.9,341.05399143524266
H2,8.0,338.7937024407493
H2,8.1,336.58922305105835
H2,8.2,334.43851145135994
H2,8.3,332.33962422755764
H2,8.4,330.2907105090841
H2,8.5,328.29000652516294
H2,8.6,326.3358305408678
H2,8.7,324.4265781424186
H2,8.8,322.5607178439338
H2,8.9,320.73678699035895
H2,9.0,318.9533879335304
H2,9.1,317.2091844603684
H2,9.2,315.5028984540142
H2,9.3,313.83330677037725
H2,9.4,312.1992383140518
H2,9.5,310.59957129891194
H2,9.6,309.0332306799211
H2,9.7,307.4991857437959
H2,9.8,305.9964478471835
H2,9.9,304.5240682919169
H2,10.0,303.08113632775536
H2,10.1,301.66677727377555
H2,10.2,300.28015075026565
H2,10.3,298.92044901362016
H2,10.4,297.5868953872947
H2,10.5,296.27874278242325
H2,10.6,294.995272302172
H2,10.7,293.73579192435517
H2,10.8,292.49963525723865
H2,10.9,291.2861603638308
H2,11.0,290.0947486503031
H2,11.1,288.92480381449656
H2,11.2,287.7757508507581
H2,11.3,286.64703510761666
H2,11.4,285.53812139505675
H2,11.5,284.44849313836727
H2,11.6,283.3776515757587
H2,11.7,282.32511499712643
H2,11.8,281.29041802152176
H2,11.9,280.2731109110533
H2,12.0,279.27275891909284
Supercapacitor,0.1,3524.760842424645
Supercapacitor,0.2,3112.6586832953694
Supercapacitor,0.3,2975.2912969189438
Supercapacitor,0.4,2906.6076037307316
Supercapacitor,0.5,2865.3973878178003
Supercapacitor,0.6,2837.9239105425186
Supercapacitor,0.7,2818.2999982030287
Supercapacitor,0.8,2803.5820639484123
Supercapacitor,0.9,2792.1347817503756
Supercapacitor,1.0,2782.976955991945
Supercapacitor,1.1,2775.4841894623246
Supercapacitor,1.2,2769.2402173543055
Supercapacitor,1.3,2763.956856339826
Supercapacitor,1.4,2759.428261184561
Supercapacitor,1.5,2755.5034787166614
Supercapacitor,1.6,2752.0692940572526
Supercapacitor,1.7,2749.039131122477
Supercapacitor,1.8,2746.345652958234
Supercapacitor,1.9,2743.93569881128
Supercapacitor,2.0,2741.7667400790174
Supercapacitor,2.1,2739.8043488450726
Supercapacitor,2.2,2738.0203568142088
Supercapacitor,2.3,2736.391494525158
Supercapacitor,2.4,2734.898370760199
Supercapacitor,2.5,2733.5246968964343
Supercapacitor,2.6,2732.256690252959
Supercapacitor,2.7,2731.082610027521
Supercapacitor,2.8,2729.992392675327
Supercapacitor,2.9,2728.977362726732
Supercapacitor,3.0,2728.0300014413765
Supercapacitor,3.1,2727.1437602389487
Supercapacitor,3.2,2726.312909111673
Supercapacitor,3.3,2725.5324125981692
Supercapacitor,3.4,2724.7978276442846
Supercapacitor,3.5,2724.105218973479
Supercapacitor,3.6,2723.4510885621635
Supercapacitor,3.7,2722.832316551458
Supercapacitor,3.8,2722.246111488687
Supercapacitor,3.9,2721.6899682240037
Supercapacitor,4.0,2721.161632122554
Supercapacitor,4.1,2720.659068513863
Supercapacitor,4.2,2720.180436505583
Supercapacitor,4.3,2719.724066451174
Supercapacitor,4.4,2719.2884404901506
Supercapacitor,4.5,2718.8721756829495
Supercapacitor,4.6,2718.474009345625
Supercapacitor,4.7,2718.0927862566996
Supercapacitor,4.8,2717.7274474631463
Supercapacitor,4.9,2717.3770204570824
Supercapacitor,5.0,2717.0406105312636
Supercapacitor,5.1,2716.717393151554
Supercapacitor,5.2,2716.406607209525
Supercapacitor,5.3,2716.1075490388976
Supercapacitor,5.4,2715.8195670968075
Supercapacitor,5.5,2715.542057225339
Supercapacitor,5.6,2715.2744584207107
Supercapacitor,5.7,2715.0162490478233
Supercapacitor,5.8,2714.7669434464124
Supercapacitor,5.9,2714.526088882338
Supercapacitor,6.0,2714.2932628037347
Supercapacitor,6.1,2714.068070367053
Supercapacitor,6.2,2713.850142202521
Supercapacitor,6.3,2713.639132392419
Supercapacitor,6.4,2713.434716638884
Supercapacitor,6.5,2713.2365906008395
Supercapacitor,6.6,2713.044468382131
Supercapacitor,6.7,2712.8580811550273
Supercapacitor,6.8,2712.6771759051885
Supercapacitor,6.9,2712.501514285782
Supercapacitor,7.0,2712.330871569786
Supercapacitor,7.1,2712.16503569086
Supercapacitor,7.2,2712.003806364128
Supercapacitor,7.3,2711.8469942792253
Supercapacitor,7.4,2711.6944203587755
Supercapacitor,7.5,2711.545915076207
Supercapacitor,7.6,2711.4013178273904
Supercapacitor,7.7,2711.260476351269
Supercapacitor,7.8,2711.1232461950485
Supercapacitor,7.9,2710.989490219998
Supercapacitor,8.0,2710.859078144322
Supercapacitor,8.1,2710.7318861199014
Supercapacitor,8.2,2710.607796339979
Supercapacitor,8.3,2710.486696675233
Supercapacitor,8.4,2710.368480335839
Supercapacitor,8.5,2710.253045557369
Supercapacitor,8.6,2710.140295308633
Supercapacitor,8.7,2710.030137019639
Supercapacitor,8.8,2709.922482328122
Supercapacitor,8.9,2709.817246843155
Supercapacitor,9.0,2709.7143499245217
Supercapacitor,9.1,2709.613714476626
Supercapacitor,9.2,2709.515266755858
Supercapacitor,9.3,2709.4189361903773
Supercapacitor,9.4,2709.3246552113965
Supercapacitor,9.5,2709.23235909513
Supercapacitor,9.6,2709.14198581462
Supercapacitor,9.7,2709.0534759007155
Supercapacitor,9.8,2708.9667723115876
Supercapacitor,9.9,2708.8818203101196
Supercapacitor,10.0,2708.7985673486783
Supercapacitor,10.1,2708.7169629607324
Supercapacitor,10.2,2708.6369586588235
Supercapacitor,10.3,2708.5585078385043
Supercapacitor,10.4,2708.4815656878086
Supercapacitor,10.5,2708.406089101889
Supercapacitor,10.6,2708.3320366024955
Supercapacitor,10.7,2708.259368261967
Supercapacitor,10.8,2708.1880456314498
Supercapacitor,10.9,2708.1180316730506
Supercapacitor,11.0,2708.0492906957147
Supercapacitor,11.1,2707.981788294548
Supercapacitor,11.2,2707.915491293402
Supercapacitor,11.3,2707.850367690504
Supercapacitor,11.4,2707.786386606958
Supercapacitor,11.5,2707.723518237906
Supercapacitor,11.6,2707.661733806252
Supercapacitor,11.7,2707.601005518729
Supercapacitor,11.8,2707.541306524214
Supercapacitor,11.9,2707.482610874147
Supercapacitor,12.0,2707.4248934849124
